ID_Vinculo;Municipio;Salario
16897;Săo Paulo - SP;2939.649718084654
35278;Rio de Janeiro - RJ;
79987;Rio de Janeiro - RJ;
51390;Săo Paulo - SP;3413.9595370190336
53002;Rio de Janeiro - RJ;4100.164221134368
78955;Belo Horizonte - MG;4045.641398022053
87262;Rio de Janeiro - RJ;5311.247550255102
12841;Niterói - RJ;3182.9891949144967
16880;Santos - RJ;2489.631090539861
10503;Rio de Janeiro - RJ;3917.7745344364735
49019;Săo Paulo - SP;3142.963762963094
84862;Rio de Janeiro - RJ;4172.192451940684
55183;Săo Paulo - SP;2150.7893355789793
11237;Betim - MG;3964.053309068097
71214;Săo Paulo - SP;3006.8916778810526
16302;Săo Paulo - SP;2600.9033176480866
88378;Campinas - SP;3825.884463131765
76326;Belo Horizonte - MG;1854.996450674292
33923;Rio de Janeiro - RJ;3129.3267128684056
87728;Săo Paulo - SP;4233.707373751057
72932;Săo Paulo - SP;1619.0623925345888
43837;Uberlândia - MG;2764.61396300626
82220;Rio de Janeiro - RJ;1421.2142935076822
52815;Rio de Janeiro - RJ;1365.4002082930997
92779;Uberlândia - MG;4110.348616996818
21464;Belo Horizonte - MG;700.191163221145
61962;Rio de Janeiro - RJ;
81668;Rio de Janeiro - RJ;
33340;Campinas - SP;5244.8895426262225
70335;Belo Horizonte - MG;3428.2749443522744
19080;Săo Paulo - SP;3090.186032481386
83458;Belo Horizonte - MG;2990.095140170375
88215;Campinas - SP;5049.637553842263
68594;Betim - MG;
93943;Rio de Janeiro - RJ;3784.4547449135976
53246;Niterói - RJ;4127.076731098365
91173;Betim - MG;3324.0917835859173
62221;Săo Paulo - SP;
22301;Belo Horizonte - MG;5159.04498406568
67867;Săo Paulo - SP;3329.199694112723
44663;Rio de Janeiro - RJ;1786.4149873315398
74314;Santos - RJ;-235.1739323267616
61847;Campinas - SP;5194.5885614892595
13626;Săo Paulo - SP;
41447;Rio de Janeiro - RJ;3339.439493063971
86517;Săo Paulo - SP;
54811;Rio de Janeiro - RJ;1943.7654490755015
68654;Belo Horizonte - MG;1843.7411902625995
29181;Rio de Janeiro - RJ;5026.184748672262
18489;Rio de Janeiro - RJ;4276.742582948658
46766;Uberlândia - MG;1585.0908290482162
77217;Rio de Janeiro - RJ;4067.167314289125
57475;Săo Paulo - SP;3830.938907586056
40392;Săo Paulo - SP;3117.1043852432126
20261;Belo Horizonte - MG;3013.2480874318085
89516;Săo Paulo - SP;3369.3517456442796
89374;Rio de Janeiro - RJ;2710.7263158785236
24602;Rio de Janeiro - RJ;4270.940749320824
98775;Betim - MG;2384.2180512006016
19289;Săo Paulo - SP;5283.175296846692
82599;Belo Horizonte - MG;1115.4750207365973
87350;Rio de Janeiro - RJ;3345.3148569076366
16137;Belo Horizonte - MG;4481.944197336332
58953;Rio de Janeiro - RJ;
21754;Rio de Janeiro - RJ;3344.1594914312527
39240;Rio de Janeiro - RJ;1368.7947034123304
21922;Campinas - SP;4794.8101877343015
95198;Betim - MG;4780.781734846041
49544;Belo Horizonte - MG;3022.073295688347
49746;Belo Horizonte - MG;3146.349201438901
69798;Rio de Janeiro - RJ;3486.2138044782328
13388;Belo Horizonte - MG;1292.9905055397608
20136;Belo Horizonte - MG;4102.886968944609
34561;Săo Paulo - SP;4450.687379920662
24243;Uberlândia - MG;2941.648159199718
58869;Săo Paulo - SP;3740.6008356874377
32594;Rio de Janeiro - RJ;1818.107188505749
37381;Săo Paulo - SP;3990.7234400774287
86851;Rio de Janeiro - RJ;6145.862837581191
83472;Santos - RJ;3400.8819745593346
54804;Rio de Janeiro - RJ;3702.1183629179336
69754;Rio de Janeiro - RJ;3861.88734672704
29258;Belo Horizonte - MG;1678.6445297946482
50918;Belo Horizonte - MG;3957.9255219694464
74197;Rio de Janeiro - RJ;3943.275127846422
14212;Campinas - SP;2295.6743407082477
83056;Rio de Janeiro - RJ;4452.489497865915
85008;Săo Paulo - SP;2610.212918144469
59274;Uberlândia - MG;3573.150344677573
25811;Betim - MG;3896.7307360449418
57642;Santos - RJ;3242.505847172506
40860;Santos - RJ;6026.730604061024
81912;Belo Horizonte - MG;2224.7519348768164
58628;Campinas - SP;
72412;Santos - RJ;
29748;Betim - MG;4113.906517353924
35672;Belo Horizonte - MG;
51900;Betim - MG;4378.782420670999
56423;Belo Horizonte - MG;
30349;Rio de Janeiro - RJ;3221.35804650083
88469;Santos - RJ;5216.588779987735
81095;Rio de Janeiro - RJ;1771.3132382285326
74792;Santos - RJ;5968.090315911637
81521;Belo Horizonte - MG;2654.106927831468
61810;Belo Horizonte - MG;3594.2345781713047
84606;Rio de Janeiro - RJ;2763.1362060630836
68170;Rio de Janeiro - RJ;
31005;Campinas - SP;4762.9557706652795
52660;Betim - MG;
86451;Uberlândia - MG;2907.106222234743
62568;Belo Horizonte - MG;3689.269972650932
46723;Belo Horizonte - MG;4799.821821237336
93842;Săo Paulo - SP;5394.263931962775
34084;Săo Paulo - SP;3372.6584813906106
99444;Betim - MG;5226.4011619185185
23850;Belo Horizonte - MG;2172.8836368110624
66702;Betim - MG;
63498;Campinas - SP;3677.0972653382873
98557;Săo Paulo - SP;
11721;Rio de Janeiro - RJ;3920.629631321335
86789;Uberlândia - MG;4939.441202126501
90990;Belo Horizonte - MG;3192.0608395197874
63680;Rio de Janeiro - RJ;2295.9344675771135
73106;Campinas - SP;2676.471173028444
95522;Rio de Janeiro - RJ;2197.305633832309
12424;Campinas - SP;3782.4337580099163
47578;Belo Horizonte - MG;3886.871008181229
22222;Rio de Janeiro - RJ;3979.19284834258
22142;Belo Horizonte - MG;5798.783106701898
28874;Campinas - SP;
80140;Uberlândia - MG;4956.936261283859
86681;Niterói - RJ;1381.288098355542
85361;Santos - RJ;2481.9145418853345
24808;Săo Paulo - SP;2518.47634861824
14521;Uberlândia - MG;2338.611612851324
41563;Betim - MG;2998.9349031504285
73263;Uberlândia - MG;2420.4537990814733
13532;Rio de Janeiro - RJ;2940.8193324620825
27606;Săo Paulo - SP;
29029;Săo Paulo - SP;2330.9604892902353
58250;Belo Horizonte - MG;5879.889903486499
99972;Rio de Janeiro - RJ;2427.6320569128566
96796;Săo Paulo - SP;3318.8275375390176
63200;Uberlândia - MG;4942.470961136791
94311;Rio de Janeiro - RJ;3960.845342598457
92329;Rio de Janeiro - RJ;5207.424014301047
57232;Rio de Janeiro - RJ;3312.6877010888143
66294;Săo Paulo - SP;2161.20901891751
93418;Betim - MG;2824.416734282105
64219;Belo Horizonte - MG;
25434;Rio de Janeiro - RJ;5684.936784448657
92573;Săo Paulo - SP;4073.178733116751
12207;Rio de Janeiro - RJ;4759.076565726809
88609;Rio de Janeiro - RJ;3146.3787707934302
63928;Săo Paulo - SP;4306.08912029305
64291;Săo Paulo - SP;4220.812132841499
16163;Belo Horizonte - MG;2496.438868904746
33889;Belo Horizonte - MG;3000.2616589489094
54138;Săo Paulo - SP;3078.5120248445
65720;Belo Horizonte - MG;2117.935405027951
65864;Săo Paulo - SP;5610.167509451339
77638;Rio de Janeiro - RJ;5070.184585420206
62604;Campinas - SP;1692.8099754085304
65528;Rio de Janeiro - RJ;1756.2690767062966
85762;Belo Horizonte - MG;4115.363357354578
91059;Niterói - RJ;5420.746324231921
19813;Săo Paulo - SP;2952.4217850066566
42928;Săo Paulo - SP;3130.2891298825043
40810;Rio de Janeiro - RJ;1548.2638203090357
58787;Săo Paulo - SP;2486.789029311708
51126;Săo Paulo - SP;1165.3803680670594
40150;Rio de Janeiro - RJ;4324.218087186761
45795;Betim - MG;3629.564356871321
80533;Belo Horizonte - MG;4537.004657961587
81022;Rio de Janeiro - RJ;3878.4611693754287
40006;Rio de Janeiro - RJ;2565.915680012772
55444;Săo Paulo - SP;4357.805290798623
57508;Săo Paulo - SP;2552.6250321041534
21037;Niterói - RJ;
34561;Săo Paulo - SP;4450.687379920662
92371;Săo Paulo - SP;3938.319489568225
74692;Uberlândia - MG;1924.5429413415898
14196;Rio de Janeiro - RJ;3909.7439623888667
77196;Belo Horizonte - MG;4441.826881525176
79286;Rio de Janeiro - RJ;3019.9664205585805
31753;Santos - RJ;2451.9721790629374
40705;Săo Paulo - SP;4989.9826274479565
57122;Săo Paulo - SP;6134.716091428009
79216;Rio de Janeiro - RJ;1909.5609539025224
62982;Săo Paulo - SP;4231.052489297557
83856;Belo Horizonte - MG;5229.771051277276
68275;Săo Paulo - SP;2133.1381313218726
58092;Rio de Janeiro - RJ;5862.853033165086
50404;Belo Horizonte - MG;3761.4727364264
87702;Săo Paulo - SP;5593.351989385266
77529;Campinas - SP;3403.663303564523
83097;Belo Horizonte - MG;4116.883933542334
54929;Rio de Janeiro - RJ;3332.6960463504006
32000;Săo Paulo - SP;2386.5109986341026
41327;Rio de Janeiro - RJ;
19372;Belo Horizonte - MG;3671.2031523003766
42261;Belo Horizonte - MG;3359.886124689781
46197;Rio de Janeiro - RJ;3710.1673994960997
87465;Belo Horizonte - MG;4594.0500403763
60870;Rio de Janeiro - RJ;3778.7083989686403
13948;Betim - MG;5790.049536318243
94319;Belo Horizonte - MG;2387.9193562581095
50478;Belo Horizonte - MG;5220.68171617325
48599;Rio de Janeiro - RJ;3106.760361718908
16871;Belo Horizonte - MG;4236.773646196646
10503;Rio de Janeiro - RJ;3917.7745344364735
47774;Uberlândia - MG;2852.031809494515
56944;Rio de Janeiro - RJ;3154.898657442837
58762;Santos - RJ;3421.8233255971386
60558;Belo Horizonte - MG;1749.3867484294517
62407;Uberlândia - MG;6329.788580103923
38749;Săo Paulo - SP;5696.176580216054
32543;Săo Paulo - SP;3218.399046059557
51975;Campinas - SP;4016.7811923806103
43342;Rio de Janeiro - RJ;4547.156198495486
94772;Belo Horizonte - MG;5970.232831488655
36098;Săo Paulo - SP;3121.0095749186794
81046;Belo Horizonte - MG;2511.256740440669
75475;Belo Horizonte - MG;3157.2372236529195
11317;Săo Paulo - SP;3640.2525073708866
62440;Santos - RJ;
69377;Belo Horizonte - MG;
42040;Belo Horizonte - MG;2807.6356186097023
24563;Belo Horizonte - MG;4823.9975094000465
31517;Rio de Janeiro - RJ;2597.873718123592
21933;Săo Paulo - SP;4132.447196726978
22114;Belo Horizonte - MG;3345.4235095000663
44287;Uberlândia - MG;2906.606194661176
20305;Niterói - RJ;3144.922471289715
97151;Belo Horizonte - MG;3735.071986312229
47597;Rio de Janeiro - RJ;
51818;Campinas - SP;3570.177566106989
64355;Săo Paulo - SP;1900.7296897775607
99711;Uberlândia - MG;
72070;Săo Paulo - SP;3931.1065850178857
24660;Belo Horizonte - MG;2591.1921781300457
32064;Belo Horizonte - MG;4236.671686853258
79344;Săo Paulo - SP;2279.780888932504
95978;Rio de Janeiro - RJ;4635.558397092562
22874;Rio de Janeiro - RJ;2733.5690215538752
87363;Niterói - RJ;498.42679329855264
39615;Belo Horizonte - MG;4114.253193739139
45074;Săo Paulo - SP;5060.322865935349
21844;Betim - MG;2088.4411519459577
50152;Santos - RJ;4113.615137160624
14311;Campinas - SP;3730.142796370417
26466;Uberlândia - MG;3434.630189775557
88497;Rio de Janeiro - RJ;2985.93660813899
55132;Niterói - RJ;2703.255454074714
76622;Campinas - SP;1644.337992299502
49895;Rio de Janeiro - RJ;2836.2687910234126
23563;Belo Horizonte - MG;2667.0132674962474
51351;Rio de Janeiro - RJ;
70409;Belo Horizonte - MG;2682.1310252078943
66758;Rio de Janeiro - RJ;4549.971713055006
52654;Niterói - RJ;6493.881689759
97050;Betim - MG;4626.401711228411
52654;Niterói - RJ;6493.881689759
49697;Săo Paulo - SP;
73266;Belo Horizonte - MG;5005.109289234472
19219;Belo Horizonte - MG;5689.602746926718
62790;Belo Horizonte - MG;4399.457773517031
59435;Rio de Janeiro - RJ;5978.750861770325
33243;Săo Paulo - SP;3651.373839878936
32253;Săo Paulo - SP;3401.023326503447
37902;Săo Paulo - SP;5411.557148801583
19224;Belo Horizonte - MG;2318.496022380196
31517;Rio de Janeiro - RJ;2597.873718123592
49504;Belo Horizonte - MG;
10086;Săo Paulo - SP;4360.146051525022
61607;Niterói - RJ;2546.3924831105305
64547;Săo Paulo - SP;5053.674807237495
72776;Săo Paulo - SP;1497.6408008780857
67997;Belo Horizonte - MG;3148.2932729074214
11366;Belo Horizonte - MG;3694.1753433797053
61595;Săo Paulo - SP;3470.6857532160707
39954;Uberlândia - MG;
77638;Rio de Janeiro - RJ;5070.184585420206
45529;Belo Horizonte - MG;2151.303810749346
61757;Belo Horizonte - MG;4233.475739441083
99956;Rio de Janeiro - RJ;4079.619355782165
55658;Săo Paulo - SP;3562.719799295557
19818;Niterói - RJ;3891.5614633256687
96600;Rio de Janeiro - RJ;4623.3059155621995
17088;Săo Paulo - SP;3037.4469177423
77062;Rio de Janeiro - RJ;2703.4988904061374
49493;Rio de Janeiro - RJ;3116.394840809898
16397;Niterói - RJ;
53484;Belo Horizonte - MG;3444.2661624063376
75322;Niterói - RJ;4881.972444603595
25839;Niterói - RJ;3138.042918334656
61719;Belo Horizonte - MG;4494.337796903265
37582;Niterói - RJ;4620.058976961992
45567;Uberlândia - MG;
15141;Săo Paulo - SP;3219.508881829258
40334;Belo Horizonte - MG;2559.4696022731905
23435;Săo Paulo - SP;2376.908601511209
27487;Santos - RJ;3845.7971552462363
74777;Rio de Janeiro - RJ;3559.7508381952625
76806;Belo Horizonte - MG;1953.050358447502
40137;Uberlândia - MG;3015.5787920001617
27490;Belo Horizonte - MG;4183.920250823183
52841;Niterói - RJ;
78694;Rio de Janeiro - RJ;4430.785065998165
65527;Rio de Janeiro - RJ;3646.3309523895914
23354;Rio de Janeiro - RJ;2200.857671388962
46172;Săo Paulo - SP;
32501;Săo Paulo - SP;1850.8580748218667
31988;Betim - MG;
28128;Rio de Janeiro - RJ;4708.139353057159
77230;Rio de Janeiro - RJ;1782.0390904476196
44154;Săo Paulo - SP;
97498;Săo Paulo - SP;2749.638141731578
70628;Belo Horizonte - MG;
21640;Belo Horizonte - MG;2853.7071578887317
33561;Belo Horizonte - MG;3403.3457982421123
30856;Săo Paulo - SP;5888.006614925517
87839;Rio de Janeiro - RJ;
89045;Betim - MG;4441.998650649955
33505;Santos - RJ;3792.6465716076223
12042;Betim - MG;2444.449367264877
82946;Betim - MG;4570.673067385568
45947;Campinas - SP;3036.5665773879955
89647;Săo Paulo - SP;4238.383934000154
37367;Rio de Janeiro - RJ;
56129;Săo Paulo - SP;3658.601779355199
31397;Belo Horizonte - MG;2203.2842042546536
73831;Rio de Janeiro - RJ;1970.9979118501406
57401;Betim - MG;2441.1625558253763
73428;Belo Horizonte - MG;4040.83001871416
16062;Rio de Janeiro - RJ;5564.4642443637995
40876;Rio de Janeiro - RJ;
41067;Săo Paulo - SP;4405.893656771686
31717;Belo Horizonte - MG;6082.3646069454135
68103;Campinas - SP;2909.573255249274
26241;Săo Paulo - SP;1881.1695568442888
10644;Săo Paulo - SP;847.094705936719
58304;Niterói - RJ;2627.042686842586
75426;Rio de Janeiro - RJ;2462.9758351757555
17931;Săo Paulo - SP;2816.537968040252
60555;Belo Horizonte - MG;4004.2288863322583
13388;Belo Horizonte - MG;1292.9905055397608
74039;Santos - RJ;2264.8406036037804
57785;Săo Paulo - SP;1723.508069864498
32612;Săo Paulo - SP;3897.9094815977396
33843;Belo Horizonte - MG;3541.8565493411893
61436;Niterói - RJ;
49517;Rio de Janeiro - RJ;2445.426188615782
50131;Campinas - SP;5392.214591237225
44035;Rio de Janeiro - RJ;2795.2846090250832
36560;Rio de Janeiro - RJ;3229.7613947789923
18581;Săo Paulo - SP;2208.5708391035064
49546;Rio de Janeiro - RJ;4064.5185501912692
87440;Săo Paulo - SP;3874.723971345028
53997;Niterói - RJ;2084.313162241757
50131;Campinas - SP;5392.214591237225
57232;Rio de Janeiro - RJ;3312.6877010888143
35551;Săo Paulo - SP;2425.429716907738
80588;Belo Horizonte - MG;4431.670885497258
83208;Niterói - RJ;3117.0349526923296
53257;Campinas - SP;3303.7944222555766
90969;Belo Horizonte - MG;4770.580426053428
70838;Belo Horizonte - MG;2013.848729390215
82137;Niterói - RJ;4194.750195446099
52420;Rio de Janeiro - RJ;3583.7284572671615
99651;Belo Horizonte - MG;2321.524070440052
56196;Niterói - RJ;5256.228025395547
53736;Rio de Janeiro - RJ;4935.41608461435
43837;Uberlândia - MG;2764.61396300626
74670;Belo Horizonte - MG;3310.25992443753
96471;Săo Paulo - SP;3554.7990802901027
42761;Rio de Janeiro - RJ;4320.088712686874
39999;Rio de Janeiro - RJ;1807.0022876089245
44584;Santos - RJ;1876.8805830365698
26635;Belo Horizonte - MG;1693.9679027740442
26796;Belo Horizonte - MG;2014.3789671019508
64660;Santos - RJ;1622.1975089969458
74087;Rio de Janeiro - RJ;4185.20883884999
37663;Rio de Janeiro - RJ;
38395;Belo Horizonte - MG;2335.6840813169065
98600;Belo Horizonte - MG;5585.703218892728
23199;Săo Paulo - SP;1375.5928316743066
63250;Belo Horizonte - MG;3621.4341015762793
21077;Belo Horizonte - MG;3581.320715841025
44154;Săo Paulo - SP;
15402;Belo Horizonte - MG;6281.068489874092
66563;Săo Paulo - SP;3248.6768476618918
81645;Belo Horizonte - MG;3327.749072454708
53022;Uberlândia - MG;4091.73737307434
91760;Belo Horizonte - MG;2638.9853407981454
95374;Rio de Janeiro - RJ;3280.869274426186
66865;Săo Paulo - SP;4418.296769447478
12338;Uberlândia - MG;4355.748055756885
26433;Săo Paulo - SP;3679.346593522229
18006;Săo Paulo - SP;4500.217625809501
44104;Campinas - SP;
14184;Campinas - SP;2072.2124792079694
44250;Belo Horizonte - MG;3592.4451325344107
73607;Belo Horizonte - MG;
91760;Belo Horizonte - MG;2638.9853407981454
92905;Rio de Janeiro - RJ;6029.645610190025
52081;Rio de Janeiro - RJ;4921.465749289
29670;Belo Horizonte - MG;3904.3662409890094
35235;Săo Paulo - SP;4178.463498708555
87771;Rio de Janeiro - RJ;
70321;Săo Paulo - SP;
45488;Betim - MG;3239.5847781501107
62018;Rio de Janeiro - RJ;4515.422114325253
17913;Săo Paulo - SP;2127.4683166300138
26218;Uberlândia - MG;2830.5185515938488
74010;Belo Horizonte - MG;5228.836882254266
76083;Rio de Janeiro - RJ;1315.347048748697
23903;Rio de Janeiro - RJ;2550.6776562822874
35837;Săo Paulo - SP;4098.24687996747
74414;Belo Horizonte - MG;3307.5715183963202
88595;Belo Horizonte - MG;3565.7328823228613
55161;Săo Paulo - SP;
43643;Belo Horizonte - MG;4049.4703686308235
27298;Belo Horizonte - MG;2997.7111722669397
26442;Săo Paulo - SP;3371.8366864821915
74977;Rio de Janeiro - RJ;2096.63879478702
12356;Rio de Janeiro - RJ;2259.4447189909006
73658;Belo Horizonte - MG;3480.652536040025
12901;Săo Paulo - SP;3924.6690536640613
11165;Santos - RJ;3260.174831407442
72037;Santos - RJ;1877.2082586726629
25347;Rio de Janeiro - RJ;2162.709293127703
12015;Uberlândia - MG;2844.757030089593
70054;Rio de Janeiro - RJ;3267.0769613479333
72153;Rio de Janeiro - RJ;4268.842496575522
68212;Belo Horizonte - MG;4682.032124272205
57113;Santos - RJ;3337.4258627898994
94105;Belo Horizonte - MG;3450.7849941164923
20201;Săo Paulo - SP;2559.15732723783
85910;Rio de Janeiro - RJ;2925.158521288902
91445;Belo Horizonte - MG;4425.763699874291
43343;Săo Paulo - SP;2339.208692466079
45708;Rio de Janeiro - RJ;2229.8018147401044
78661;Belo Horizonte - MG;4587.790596494015
73932;Betim - MG;4653.631289200964
54430;Belo Horizonte - MG;4367.005281341463
19289;Săo Paulo - SP;5283.175296846692
42289;Belo Horizonte - MG;
16429;Niterói - RJ;2920.703099273048
24801;Santos - RJ;3294.299198875138
79114;Betim - MG;3062.105891437459
57456;Rio de Janeiro - RJ;4896.302954350244
29257;Săo Paulo - SP;2863.9969228836485
39382;Săo Paulo - SP;4664.201586645973
49517;Rio de Janeiro - RJ;2445.426188615782
97980;Belo Horizonte - MG;4714.287008534568
81878;Săo Paulo - SP;4741.2208429687125
27904;Belo Horizonte - MG;5075.507296374118
45582;Săo Paulo - SP;3174.778519725443
12533;Rio de Janeiro - RJ;5445.317267133036
97129;Săo Paulo - SP;3381.6604488554563
76815;Săo Paulo - SP;2756.0649202744353
12609;Belo Horizonte - MG;3468.9698939622594
48856;Săo Paulo - SP;2246.7402240622037
92363;Santos - RJ;2812.7252914728424
60175;Săo Paulo - SP;3199.4470170216787
60567;Săo Paulo - SP;606.522113848755
28218;Belo Horizonte - MG;486.2370811310461
58815;Săo Paulo - SP;6851.798914077372
46700;Rio de Janeiro - RJ;3535.280952925669
44355;Rio de Janeiro - RJ;3404.0777154370244
74422;Belo Horizonte - MG;2051.4352364226443
32921;Santos - RJ;4129.74855116603
78178;Săo Paulo - SP;4271.874096917885
31673;Belo Horizonte - MG;3794.3968496174075
70673;Belo Horizonte - MG;1364.2438051145318
85772;Săo Paulo - SP;3558.491252616419
66547;Belo Horizonte - MG;3013.5951507446944
52918;Rio de Janeiro - RJ;4082.7197244664676
11868;Rio de Janeiro - RJ;2275.6845813141545
33923;Rio de Janeiro - RJ;3129.3267128684056
55708;Belo Horizonte - MG;2776.7482331237215
81886;Săo Paulo - SP;4181.800493373334
58736;Săo Paulo - SP;2491.4475202614003
92769;Santos - RJ;3883.0042914222186
27864;Săo Paulo - SP;1672.585096539748
29694;Belo Horizonte - MG;4812.231954650887
63634;Uberlândia - MG;2154.7117507437024
30597;Săo Paulo - SP;3608.207436734039
17055;Campinas - SP;3403.36902179909
22210;Betim - MG;5653.937892404695
69065;Belo Horizonte - MG;3423.7957174765093
11537;Santos - RJ;2281.494909795936
40995;Belo Horizonte - MG;3263.806742386902
68783;Betim - MG;4071.7087770918124
26538;Belo Horizonte - MG;2334.225113496648
35554;Betim - MG;
53402;Săo Paulo - SP;2838.388918320983
47254;Săo Paulo - SP;
98476;Rio de Janeiro - RJ;3603.0705043372022
20886;Campinas - SP;4823.062832499945
53768;Rio de Janeiro - RJ;
92189;Rio de Janeiro - RJ;2191.7857001581497
90039;Betim - MG;2650.2876800588897
19431;Rio de Janeiro - RJ;
89832;Rio de Janeiro - RJ;3455.638962629847
31892;Belo Horizonte - MG;121.92643067686049
40278;Niterói - RJ;4575.918236799124
76045;Belo Horizonte - MG;
80037;Săo Paulo - SP;2222.4516752098743
98377;Belo Horizonte - MG;3356.5364205187175
79770;Niterói - RJ;3993.126100493465
32839;Rio de Janeiro - RJ;6288.858494531763
71076;Belo Horizonte - MG;4293.673957503004
75292;Rio de Janeiro - RJ;4205.419606706463
98047;Belo Horizonte - MG;2112.243616709453
49465;Belo Horizonte - MG;3685.883367067752
29029;Săo Paulo - SP;2330.9604892902353
34277;Rio de Janeiro - RJ;3627.123648228846
22888;Săo Paulo - SP;3419.6604989911307
49454;Belo Horizonte - MG;1090.429768859227
11326;Uberlândia - MG;5027.269054241735
69263;Săo Paulo - SP;3137.456618653647
41545;Belo Horizonte - MG;4145.922378001406
72361;Belo Horizonte - MG;4342.473621915094
14973;Rio de Janeiro - RJ;4961.672131084505
65955;Belo Horizonte - MG;1780.4352040011072
80068;Săo Paulo - SP;3756.234954103877
51511;Belo Horizonte - MG;2451.437939372251
55109;Santos - RJ;
90938;Rio de Janeiro - RJ;1831.2193037632928
94189;Rio de Janeiro - RJ;4841.636965116165
41756;Săo Paulo - SP;
54967;Rio de Janeiro - RJ;3326.030579715727
81532;Belo Horizonte - MG;3129.463023442781
72938;Rio de Janeiro - RJ;3581.232330378939
22334;Săo Paulo - SP;2868.070359143213
66339;Santos - RJ;647.8906666891794
70398;Betim - MG;3415.289211006197
16604;Săo Paulo - SP;2600.124764236553
35196;Belo Horizonte - MG;4874.010389306669
71414;Rio de Janeiro - RJ;3101.8067017038284
36926;Uberlândia - MG;
45663;Belo Horizonte - MG;6042.309722767159
53765;Rio de Janeiro - RJ;3246.7733681053705
33465;Săo Paulo - SP;5153.388152669403
32687;Uberlândia - MG;
15759;Rio de Janeiro - RJ;4747.973549272589
72664;Săo Paulo - SP;2892.008742695139
12203;Niterói - RJ;2305.422745201099
54866;Belo Horizonte - MG;3522.2577629428347
39049;Rio de Janeiro - RJ;3787.2235175726123
81333;Belo Horizonte - MG;6033.31824412208
27233;Săo Paulo - SP;3923.135548703633
16899;Săo Paulo - SP;2717.286369749426
32859;Belo Horizonte - MG;4505.16430452296
98321;Campinas - SP;3277.1676404957625
33265;Rio de Janeiro - RJ;2337.2128990854917
40624;Rio de Janeiro - RJ;
82221;Rio de Janeiro - RJ;4733.406714586948
26676;Uberlândia - MG;
26673;Săo Paulo - SP;4063.6303804576914
91092;Niterói - RJ;2967.7968793305945
83056;Rio de Janeiro - RJ;4452.489497865915
28231;Belo Horizonte - MG;4424.502764484997
87592;Rio de Janeiro - RJ;5693.132249059291
23547;Niterói - RJ;2984.6681182906423
47352;Belo Horizonte - MG;1906.893007898571
39358;Săo Paulo - SP;3758.3335220231215
61987;Belo Horizonte - MG;3812.635226261771
67406;Săo Paulo - SP;3649.5753937529275
14213;Rio de Janeiro - RJ;4094.418208902293
93828;Rio de Janeiro - RJ;3788.2489120521295
30875;Belo Horizonte - MG;2526.905827247909
52450;Săo Paulo - SP;2728.080136218345
85570;Belo Horizonte - MG;4174.246957961563
91349;Rio de Janeiro - RJ;4614.933554652022
66555;Santos - RJ;2847.2532349151234
13414;Campinas - SP;4225.588697728143
18733;Belo Horizonte - MG;5505.279790430624
40091;Săo Paulo - SP;5220.363831483599
22803;Rio de Janeiro - RJ;3087.9857013286532
50333;Săo Paulo - SP;1193.6061156726337
82995;Rio de Janeiro - RJ;5331.022448192595
51976;Betim - MG;2543.5076553607696
87629;Săo Paulo - SP;3031.7385632839196
36912;Rio de Janeiro - RJ;2589.5300370543755
27233;Săo Paulo - SP;3923.135548703633
38118;Belo Horizonte - MG;3756.5416636703044
18187;Campinas - SP;3870.6704455890335
19431;Rio de Janeiro - RJ;
17820;Santos - RJ;6166.822271382999
70218;Rio de Janeiro - RJ;4989.334832333647
81414;Săo Paulo - SP;3994.3115486409124
81645;Belo Horizonte - MG;3327.749072454708
85986;Săo Paulo - SP;4920.54681713782
68858;Belo Horizonte - MG;3356.2462789628653
77879;Belo Horizonte - MG;4343.925285045108
46611;Săo Paulo - SP;3724.947730029739
17290;Săo Paulo - SP;3911.2716785145203
57519;Belo Horizonte - MG;1786.7963659918169
41075;Rio de Janeiro - RJ;3705.216252746322
45312;Niterói - RJ;4518.403008319414
73015;Rio de Janeiro - RJ;3651.506570709144
33176;Săo Paulo - SP;4917.6221981460685
85814;Săo Paulo - SP;3970.6701037152543
78301;Săo Paulo - SP;3525.2518652836407
21554;Săo Paulo - SP;3873.0516505196406
42212;Niterói - RJ;2817.748980151023
48744;Rio de Janeiro - RJ;3232.6807153973405
37963;Belo Horizonte - MG;3081.022250685495
62982;Săo Paulo - SP;4231.052489297557
28904;Rio de Janeiro - RJ;4828.803378497822
29888;Uberlândia - MG;
29561;Campinas - SP;2356.0641947105823
65552;Rio de Janeiro - RJ;4184.832146020771
18485;Uberlândia - MG;1449.3378987168112
18281;Rio de Janeiro - RJ;4617.0027615960635
15191;Rio de Janeiro - RJ;5743.985389319825
19330;Campinas - SP;3311.519298503053
25941;Săo Paulo - SP;4455.44313440066
76695;Belo Horizonte - MG;3590.7907038966177
27968;Săo Paulo - SP;4594.411564357193
89554;Săo Paulo - SP;1568.599556211453
21906;Belo Horizonte - MG;3769.0729274431483
51992;Rio de Janeiro - RJ;3820.143217980522
47065;Săo Paulo - SP;4508.4393889635885
46296;Uberlândia - MG;3397.2575180425865
31551;Săo Paulo - SP;4450.6277032346325
38178;Belo Horizonte - MG;4750.462897150203
92804;Santos - RJ;4074.427104442546
82136;Săo Paulo - SP;3288.269692739743
11458;Rio de Janeiro - RJ;2656.8274577679076
49334;Belo Horizonte - MG;2900.6957049400335
50868;Belo Horizonte - MG;2835.0031753178046
26372;Niterói - RJ;4056.3436767249677
79114;Betim - MG;3062.105891437459
49546;Rio de Janeiro - RJ;4064.5185501912692
30389;Uberlândia - MG;
38591;Santos - RJ;4046.9241271750407
19580;Săo Paulo - SP;3905.67121365426
42794;Belo Horizonte - MG;2505.9071606058574
33540;Santos - RJ;2023.829698788716
48323;Săo Paulo - SP;4831.2575801361145
62340;Săo Paulo - SP;2860.2758853992987
59796;Uberlândia - MG;
62757;Săo Paulo - SP;3184.4406353487448
26837;Săo Paulo - SP;4754.203406093347
95486;Rio de Janeiro - RJ;3945.53699916192
29643;Uberlândia - MG;
71649;Săo Paulo - SP;3827.2613802393025
80141;Rio de Janeiro - RJ;2908.564376613482
67590;Niterói - RJ;3661.7841567429646
54430;Belo Horizonte - MG;4367.005281341463
15898;Săo Paulo - SP;3920.531607468275
63351;Rio de Janeiro - RJ;2530.644409124646
95486;Rio de Janeiro - RJ;3945.53699916192
93124;Rio de Janeiro - RJ;3146.4103085121833
39077;Campinas - SP;2981.2599794076373
53388;Betim - MG;2131.075166188719
98809;Niterói - RJ;
62114;Belo Horizonte - MG;3047.218301882746
26428;Rio de Janeiro - RJ;3751.245307234917
67082;Săo Paulo - SP;3210.5134199174922
93972;Săo Paulo - SP;
45861;Rio de Janeiro - RJ;2841.3817277499143
32437;Săo Paulo - SP;4889.843027979113
21399;Betim - MG;
98928;Belo Horizonte - MG;-481.2028627617101
80903;Rio de Janeiro - RJ;4938.322196990202
79982;Săo Paulo - SP;3840.717103345769
52793;Niterói - RJ;4016.648334318709
29545;Rio de Janeiro - RJ;
70551;Rio de Janeiro - RJ;3745.7991060994677
92550;Săo Paulo - SP;3223.529344046456
66931;Niterói - RJ;3467.953062173455
45461;Belo Horizonte - MG;3343.254892673492
13532;Rio de Janeiro - RJ;2940.8193324620825
35973;Rio de Janeiro - RJ;4027.6792090442614
43200;Belo Horizonte - MG;4928.833007331148
43424;Săo Paulo - SP;2384.402931293183
97397;Belo Horizonte - MG;1230.0255239940216
47611;Săo Paulo - SP;2058.825665657007
59360;Rio de Janeiro - RJ;1199.7360872549552
27006;Belo Horizonte - MG;4516.009908086975
26783;Betim - MG;
13550;Betim - MG;4866.130019452059
27889;Rio de Janeiro - RJ;3092.8134589609
37663;Rio de Janeiro - RJ;
57836;Rio de Janeiro - RJ;3521.5078290726856
20500;Săo Paulo - SP;1890.9412356900646
38118;Belo Horizonte - MG;3756.5416636703044
17992;Săo Paulo - SP;3851.6748511798432
85756;Belo Horizonte - MG;5390.410501894319
27519;Rio de Janeiro - RJ;2851.692294296174
81134;Belo Horizonte - MG;3679.306710473442
70183;Rio de Janeiro - RJ;4287.276832173708
50145;Rio de Janeiro - RJ;1953.2770265970541
32016;Rio de Janeiro - RJ;3421.39710534451
86459;Campinas - SP;3355.474701229178
17430;Săo Paulo - SP;3546.700420943747
28668;Uberlândia - MG;
52824;Rio de Janeiro - RJ;2934.0864637668437
95930;Rio de Janeiro - RJ;4347.152052963004
98229;Belo Horizonte - MG;1479.1071165067126
52450;Săo Paulo - SP;2728.080136218345
26724;Belo Horizonte - MG;2724.012464089743
46184;Belo Horizonte - MG;6695.092968597326
24784;Santos - RJ;4918.122859623125
84288;Săo Paulo - SP;2897.26826946065
17430;Săo Paulo - SP;3546.700420943747
72095;Săo Paulo - SP;3195.5999338042184
77589;Săo Paulo - SP;4248.066093586316
87483;Săo Paulo - SP;
12354;Săo Paulo - SP;1484.065540898791
79821;Rio de Janeiro - RJ;4041.2554560960402
67406;Săo Paulo - SP;3649.5753937529275
32337;Săo Paulo - SP;2443.6547284149233
55339;Săo Paulo - SP;3069.1474120580287
29786;Săo Paulo - SP;4078.045807203298
53768;Rio de Janeiro - RJ;
74254;Săo Paulo - SP;3505.060069423077
21754;Rio de Janeiro - RJ;3344.1594914312527
45984;Săo Paulo - SP;5291.87999516928
56164;Uberlândia - MG;2508.7139501397232
24598;Santos - RJ;2289.2518781452236
68703;Betim - MG;4050.5604708046394
12106;Săo Paulo - SP;3127.412613608912
83935;Săo Paulo - SP;3375.7237954557536
17404;Săo Paulo - SP;3848.5067076877663
11473;Belo Horizonte - MG;545.3329052420181
80068;Săo Paulo - SP;3756.234954103877
77738;Belo Horizonte - MG;6680.827857073162
97634;Rio de Janeiro - RJ;2782.515668991447
83040;Săo Paulo - SP;1822.894060732008
45529;Belo Horizonte - MG;2151.303810749346
90402;Rio de Janeiro - RJ;4101.963843247946
53636;Campinas - SP;3970.237379978802
95904;Săo Paulo - SP;2269.8295560017486
61855;Belo Horizonte - MG;
98853;Betim - MG;
22114;Belo Horizonte - MG;3345.4235095000663
82886;Rio de Janeiro - RJ;4824.647483891582
25198;Săo Paulo - SP;2918.0962824324924
76474;Săo Paulo - SP;4072.5747782286094
88595;Belo Horizonte - MG;3565.7328823228613
52593;Belo Horizonte - MG;2929.225838956928
77676;Campinas - SP;1820.8982396281256
67822;Rio de Janeiro - RJ;3061.352518626441
78553;Belo Horizonte - MG;
93209;Săo Paulo - SP;120.7985394187881
30989;Belo Horizonte - MG;
35786;Rio de Janeiro - RJ;
18594;Săo Paulo - SP;4585.728705509381
13056;Niterói - RJ;3357.1337066162155
55720;Rio de Janeiro - RJ;1888.7190897833075
70366;Rio de Janeiro - RJ;2369.128247483674
31886;Săo Paulo - SP;5293.4451321567885
58359;Uberlândia - MG;3263.017249911717
79286;Rio de Janeiro - RJ;3019.9664205585805
30414;Săo Paulo - SP;3436.1301305716156
46261;Săo Paulo - SP;
33561;Belo Horizonte - MG;3403.3457982421123
99593;Uberlândia - MG;4284.173080795685
61078;Rio de Janeiro - RJ;5005.855808233716
44371;Săo Paulo - SP;2650.0520737001943
49713;Belo Horizonte - MG;3467.692832783376
28689;Rio de Janeiro - RJ;2044.2796879478785
48744;Rio de Janeiro - RJ;3232.6807153973405
72325;Belo Horizonte - MG;3601.979446214125
17955;Săo Paulo - SP;2814.572144835171
40777;Uberlândia - MG;2322.2894236864217
44039;Belo Horizonte - MG;5315.902671313947
96551;Belo Horizonte - MG;1285.6083605132285
45223;Campinas - SP;4523.8818521814965
70106;Belo Horizonte - MG;3121.601264501237
18843;Săo Paulo - SP;4137.873487743784
87477;Belo Horizonte - MG;4745.185027546127
89537;Săo Paulo - SP;4516.209543437861
37268;Săo Paulo - SP;1604.897195703458
87822;Rio de Janeiro - RJ;4003.5368287663787
68718;Săo Paulo - SP;3359.3438337473804
81763;Belo Horizonte - MG;1738.6827724409193
83273;Santos - RJ;4732.759923761893
57724;Uberlândia - MG;
63757;Campinas - SP;3316.5797067174403
21054;Belo Horizonte - MG;1701.0049015247948
83821;Săo Paulo - SP;3719.9821014464883
94765;Rio de Janeiro - RJ;2229.3820496268127
13860;Rio de Janeiro - RJ;4983.120182037977
56429;Betim - MG;5587.720510610464
49536;Belo Horizonte - MG;1403.9169890051144
73753;Rio de Janeiro - RJ;5383.913007586549
23546;Belo Horizonte - MG;
87020;Belo Horizonte - MG;6161.925193609382
68856;Săo Paulo - SP;4574.335500236085
74653;Săo Paulo - SP;3428.356878462161
50167;Uberlândia - MG;1931.1691163364728
65321;Săo Paulo - SP;3490.1986549015783
38064;Rio de Janeiro - RJ;4699.712622663118
21642;Uberlândia - MG;
66419;Rio de Janeiro - RJ;5796.920875160058
71414;Rio de Janeiro - RJ;3101.8067017038284
48155;Rio de Janeiro - RJ;4260.978877735975
45198;Belo Horizonte - MG;
92442;Belo Horizonte - MG;3169.631581792005
15898;Săo Paulo - SP;3920.531607468275
14812;Niterói - RJ;
63082;Săo Paulo - SP;3250.726864200753
51862;Săo Paulo - SP;
93888;Rio de Janeiro - RJ;4286.716389153984
96639;Rio de Janeiro - RJ;2802.073199721213
84806;Uberlândia - MG;6147.874239247441
61510;Niterói - RJ;2186.0768164346437
13507;Belo Horizonte - MG;1991.3566734409967
84129;Belo Horizonte - MG;3369.9680205639443
89045;Betim - MG;4441.998650649955
53300;Campinas - SP;4463.421106569267
11279;Niterói - RJ;2965.3674649142235
98242;Belo Horizonte - MG;1226.487334825073
81943;Belo Horizonte - MG;3779.3556156876257
25406;Rio de Janeiro - RJ;3794.514779888178
27298;Belo Horizonte - MG;2997.7111722669397
82229;Săo Paulo - SP;4758.171513085388
33008;Săo Paulo - SP;3536.4893059178817
44295;Belo Horizonte - MG;2773.8752329901426
57887;Săo Paulo - SP;1218.783516954722
96626;Belo Horizonte - MG;
45446;Niterói - RJ;
77721;Campinas - SP;2856.134880074355
86797;Rio de Janeiro - RJ;2304.863645292182
79497;Rio de Janeiro - RJ;2168.949806315828
35302;Săo Paulo - SP;3627.3700657068657
78101;Săo Paulo - SP;3728.567137335755
68269;Belo Horizonte - MG;2851.5628023714776
84775;Rio de Janeiro - RJ;2862.296050894634
41576;Rio de Janeiro - RJ;2754.974801634544
79275;Belo Horizonte - MG;4859.0305845587645
58598;Belo Horizonte - MG;3383.10401799471
52222;Campinas - SP;3122.219252297848
43256;Santos - RJ;2731.1204682639195
14518;Săo Paulo - SP;1971.6018845565295
85916;Santos - RJ;4748.017502461653
83031;Campinas - SP;
30389;Uberlândia - MG;
57523;Uberlândia - MG;1355.02467698101
18036;Săo Paulo - SP;2858.231605039617
60765;Rio de Janeiro - RJ;2818.0217957611303
98113;Campinas - SP;1706.936437884183
51818;Campinas - SP;3570.177566106989
41821;Săo Paulo - SP;4091.95334370007
66415;Săo Paulo - SP;
42610;Belo Horizonte - MG;4725.178313685448
82321;Rio de Janeiro - RJ;5144.119071398973
29768;Rio de Janeiro - RJ;5461.403209373746
52660;Betim - MG;
25283;Rio de Janeiro - RJ;
51116;Campinas - SP;3219.7667889607956
35206;Campinas - SP;3585.4224445278396
20248;Rio de Janeiro - RJ;3024.93901471373
40321;Betim - MG;3266.2535010220467
36098;Săo Paulo - SP;3121.0095749186794
16116;Rio de Janeiro - RJ;2018.0799470347702
47641;Belo Horizonte - MG;2840.4228554565457
18070;Belo Horizonte - MG;3291.0598360238732
83821;Săo Paulo - SP;3719.9821014464883
66563;Săo Paulo - SP;3248.6768476618918
61553;Rio de Janeiro - RJ;2880.1637761564316
80721;Belo Horizonte - MG;3064.542296776331
13069;Belo Horizonte - MG;3783.733122832637
98321;Campinas - SP;3277.1676404957625
99223;Săo Paulo - SP;3909.6651847109433
99074;Rio de Janeiro - RJ;2050.7969114548655
57792;Santos - RJ;3062.600086656872
53702;Belo Horizonte - MG;4630.273496708809
27467;Campinas - SP;
15735;Săo Paulo - SP;1439.821301092351
60696;Santos - RJ;4026.7224456518898
77364;Săo Paulo - SP;3734.2313553406284
73315;Săo Paulo - SP;3859.010474186273
15014;Rio de Janeiro - RJ;3808.1478020234176
19524;Uberlândia - MG;3241.3767402025032
66613;Santos - RJ;4467.809123910012
54611;Belo Horizonte - MG;
73447;Belo Horizonte - MG;3753.73743094356
36263;Săo Paulo - SP;2789.5775343718396
49153;Belo Horizonte - MG;1603.714729941868
68554;Rio de Janeiro - RJ;4816.544995115646
98474;Betim - MG;
90910;Rio de Janeiro - RJ;578.9495901320056
49205;Săo Paulo - SP;3991.631990634991
58245;Rio de Janeiro - RJ;4386.07203538251
64761;Săo Paulo - SP;3250.8084754357455
28490;Rio de Janeiro - RJ;4347.87038477922
58128;Belo Horizonte - MG;4361.093908615906
15135;Santos - RJ;4798.929200230042
76663;Belo Horizonte - MG;1894.6531388368253
63604;Rio de Janeiro - RJ;3032.862149456825
95566;Niterói - RJ;4224.037380919169
92214;Campinas - SP;4886.6147407961635
28948;Rio de Janeiro - RJ;2311.491333158049
92841;Săo Paulo - SP;4699.105391477445
52420;Rio de Janeiro - RJ;3583.7284572671615
80553;Santos - RJ;4785.441904923002
93980;Uberlândia - MG;3827.5742732190547
65177;Rio de Janeiro - RJ;2837.317668106545
30591;Belo Horizonte - MG;4388.182446604148
52222;Campinas - SP;3122.219252297848
91587;Rio de Janeiro - RJ;3687.9821083727243
35628;Săo Paulo - SP;4061.494392741335
70218;Rio de Janeiro - RJ;4989.334832333647
90512;Rio de Janeiro - RJ;2870.9914120401045
67511;Rio de Janeiro - RJ;1787.949389025448
28992;Rio de Janeiro - RJ;4279.33524258151
82013;Rio de Janeiro - RJ;4157.813015803038
42274;Rio de Janeiro - RJ;3687.645826179711
76543;Uberlândia - MG;3959.8294610569064
51428;Săo Paulo - SP;5244.822010918099
76829;Rio de Janeiro - RJ;
15991;Belo Horizonte - MG;5574.06630261116
91979;Belo Horizonte - MG;3570.98123226276
59391;Belo Horizonte - MG;4278.2352980500555
73049;Santos - RJ;2045.9366988361146
24655;Rio de Janeiro - RJ;1669.9588518747796
40006;Rio de Janeiro - RJ;2565.915680012772
10487;Săo Paulo - SP;2213.7824623441657
83856;Belo Horizonte - MG;5229.771051277276
89245;Niterói - RJ;6110.103644119756
56539;Rio de Janeiro - RJ;3455.0616564955985
40278;Niterói - RJ;4575.918236799124
87185;Săo Paulo - SP;3760.6738600281415
56424;Rio de Janeiro - RJ;3902.3983491724807
58314;Săo Paulo - SP;4076.680955546066
89211;Săo Paulo - SP;2109.5388075004794
28056;Săo Paulo - SP;
15015;Santos - RJ;5888.270213529946
24809;Săo Paulo - SP;3852.1925936573216
54714;Săo Paulo - SP;2936.1696145699016
70853;Santos - RJ;2248.284310702498
71708;Belo Horizonte - MG;
90632;Săo Paulo - SP;3230.639876157262
52484;Belo Horizonte - MG;5258.615228052437
88450;Rio de Janeiro - RJ;1924.4526725994588
14443;Săo Paulo - SP;2138.3656126216138
65893;Săo Paulo - SP;3737.8158972517926
54501;Campinas - SP;5306.075674524291
30621;Betim - MG;2860.1923128882518
74692;Uberlândia - MG;1924.5429413415898
58284;Betim - MG;4689.720370829194
60252;Betim - MG;3683.428354840176
99041;Belo Horizonte - MG;3679.4772861764936
61185;Rio de Janeiro - RJ;3966.293623966587
90407;Săo Paulo - SP;3425.700544741869
45422;Săo Paulo - SP;2731.0012489751625
99848;Belo Horizonte - MG;4593.118866100357
70342;Belo Horizonte - MG;4367.584199062966
15730;Rio de Janeiro - RJ;4467.669192564961
86278;Belo Horizonte - MG;2884.5497691783075
81481;Săo Paulo - SP;3412.4396757871464
92503;Rio de Janeiro - RJ;3250.9160899689646
82816;Săo Paulo - SP;1656.3257494736433
48205;Săo Paulo - SP;4358.7636072318055
93817;Săo Paulo - SP;4023.8419505635466
19943;Săo Paulo - SP;3366.941164972447
30989;Belo Horizonte - MG;
74653;Săo Paulo - SP;3428.356878462161
80112;Belo Horizonte - MG;3262.0153958702194
91120;Săo Paulo - SP;2431.668105203622
34229;Săo Paulo - SP;3255.676305367403
54496;Belo Horizonte - MG;
91136;Niterói - RJ;3087.18241983095
16425;Belo Horizonte - MG;3053.1011050821057
16137;Belo Horizonte - MG;4481.944197336332
92280;Belo Horizonte - MG;2419.640526985353
56489;Belo Horizonte - MG;3871.714668459691
59112;Rio de Janeiro - RJ;4436.055571341494
16096;Belo Horizonte - MG;4195.5596669268725
47621;Campinas - SP;
10527;Rio de Janeiro - RJ;4414.774817710293
39247;Rio de Janeiro - RJ;2350.2797981500044
11237;Betim - MG;3964.053309068097
11362;Săo Paulo - SP;3411.1721312386335
60255;Belo Horizonte - MG;2957.4928556998216
85772;Săo Paulo - SP;3558.491252616419
61185;Rio de Janeiro - RJ;3966.293623966587
78492;Santos - RJ;4369.795749086743
62905;Belo Horizonte - MG;2979.472781516368
57442;Săo Paulo - SP;2574.9355769535678
43450;Betim - MG;3543.8372079803835
27980;Rio de Janeiro - RJ;6437.605764602136
72761;Niterói - RJ;2623.2620468268797
98557;Săo Paulo - SP;
95548;Belo Horizonte - MG;1852.1087924469716
15825;Rio de Janeiro - RJ;1283.5020818728826
42480;Belo Horizonte - MG;3988.351633000152
37985;Niterói - RJ;2931.1396908578536
64416;Belo Horizonte - MG;
32752;Uberlândia - MG;5916.2259697279405
57240;Rio de Janeiro - RJ;4939.555277033586
21490;Săo Paulo - SP;4534.431019084431
86854;Belo Horizonte - MG;3314.5738703296784
61564;Belo Horizonte - MG;3408.0739919367925
41598;Belo Horizonte - MG;2772.7651083471437
78083;Rio de Janeiro - RJ;4199.473783201705
58953;Rio de Janeiro - RJ;
16899;Săo Paulo - SP;2717.286369749426
55344;Rio de Janeiro - RJ;3688.246535498616
68170;Rio de Janeiro - RJ;
56428;Belo Horizonte - MG;2829.341727822213
60496;Rio de Janeiro - RJ;3631.453311582148
35372;Rio de Janeiro - RJ;4250.698330457691
21906;Belo Horizonte - MG;3769.0729274431483
68056;Santos - RJ;5371.592561492451
35550;Belo Horizonte - MG;4672.287236824162
65772;Belo Horizonte - MG;4131.217631531776
95268;Santos - RJ;4182.9754918421095
61242;Betim - MG;2738.53511951767
88954;Betim - MG;3503.202616663463
50720;Belo Horizonte - MG;5666.2946929619
18631;Betim - MG;2111.569391473219
22634;Rio de Janeiro - RJ;1746.3036292255197
37409;Belo Horizonte - MG;3570.506456268813
64660;Santos - RJ;1622.1975089969458
54046;Rio de Janeiro - RJ;6098.3149868388855
78492;Santos - RJ;4369.795749086743
71705;Belo Horizonte - MG;2890.9640078654375
78396;Santos - RJ;3934.168015750592
38609;Rio de Janeiro - RJ;2124.685008394275
37449;Betim - MG;3012.708524888028
75239;Belo Horizonte - MG;1040.4673678061658
47839;Rio de Janeiro - RJ;3086.5414675072643
66294;Săo Paulo - SP;2161.20901891751
63361;Belo Horizonte - MG;4776.95437524063
17056;Rio de Janeiro - RJ;4258.2065935541295
72412;Santos - RJ;
59296;Rio de Janeiro - RJ;3586.0859668036187
67344;Săo Paulo - SP;5148.048198218243
36705;Săo Paulo - SP;2282.7929886374814
84862;Rio de Janeiro - RJ;4172.192451940684
86332;Rio de Janeiro - RJ;2112.8886979156896
67511;Rio de Janeiro - RJ;1787.949389025448
31156;Belo Horizonte - MG;
35503;Belo Horizonte - MG;5152.158010267573
66121;Belo Horizonte - MG;3804.8833473662335
73014;Campinas - SP;1829.6798818955565
80553;Santos - RJ;4785.441904923002
48444;Belo Horizonte - MG;3427.280529971463
57350;Săo Paulo - SP;2124.161749048404
94182;Săo Paulo - SP;3128.677249630425
87048;Niterói - RJ;
82652;Belo Horizonte - MG;3275.694432929701
90057;Belo Horizonte - MG;5037.888608761636
98410;Belo Horizonte - MG;4316.054237585668
59658;Belo Horizonte - MG;4711.03524759078
88791;Rio de Janeiro - RJ;3604.247922258561
60158;Belo Horizonte - MG;3167.5155294478964
52802;Săo Paulo - SP;2034.9892935034345
89971;Betim - MG;3601.6829939971076
84355;Săo Paulo - SP;
87509;Niterói - RJ;4339.4175810855595
93575;Rio de Janeiro - RJ;4008.5894689556167
58245;Rio de Janeiro - RJ;4386.07203538251
40561;Săo Paulo - SP;3778.1866789655737
21830;Betim - MG;4223.93714520173
99709;Belo Horizonte - MG;2814.2117528357417
81187;Niterói - RJ;805.3311641489022
12854;Belo Horizonte - MG;4073.117180284926
85910;Rio de Janeiro - RJ;2925.158521288902
50369;Rio de Janeiro - RJ;3352.3867336154663
27606;Săo Paulo - SP;
94902;Săo Paulo - SP;1176.5560546403194
55315;Belo Horizonte - MG;2387.1654823343674
10377;Niterói - RJ;4082.4838599438576
26466;Uberlândia - MG;3434.630189775557
10135;Uberlândia - MG;2002.504325023228
98350;Rio de Janeiro - RJ;3897.320985808223
26784;Săo Paulo - SP;3121.158469800079
23070;Campinas - SP;
37518;Niterói - RJ;2454.3446205382147
88791;Rio de Janeiro - RJ;3604.247922258561
